vendor_id,latitude,longitude,performance_score,status
1,35.758396718269736,51.37863005429148,79.9814844828331,0
2,35.82330133403534,51.19858356588507,52.98267898486821,0
3,35.887084230682355,51.44172109711668,54.669102762025155,0
4,35.66866107122475,51.329763332884504,94.55513355896136,0
5,35.85846670081583,51.42606378845272,56.46408109725222,0
6,35.84919631471704,51.26017558967055,77.8076939346593,0
7,35.513708392723835,51.26896030523574,75.23222006123109,0
8,35.98614849018843,51.34337252212895,67.32892337224153,0
9,35.86181899794487,51.425571446342445,56.30781285020724,0
10,35.67206574590345,51.13232947194571,57.217561149658096,1
11,35.85230531080005,51.34766392053133,97.04005833664397,-1
12,35.86796748651141,51.46246760512763,87.81481824816174,0
13,35.894315225773255,51.13171260281419,96.08150379132064,1
14,35.94343480319249,51.108822458575716,91.27210443586208,0
15,35.668834085598746,51.320199774458075,85.97086990748627,0
16,35.86881701880075,51.379408007058515,81.1153525688782,0
17,35.632587598728236,51.27581070144646,73.82096480703157,0
18,35.8939009075305,51.07490991660153,83.8199842243985,0
19,35.86643573326949,51.242753307736805,51.57467078906443,0
20,35.54667449411264,51.45394191663612,53.1879837927002,0
21,35.65668504999863,51.24416005094298,77.22062886482263,0
22,35.82058978977861,51.28813409029272,80.9336228480014,0
23,35.97550189017409,51.027197867331736,77.88431941813843,0
24,35.887573501205395,51.03019570596767,85.78472955932449,1
25,35.927165930001465,51.2873525768952,64.52945738217402,0
26,35.50986678290142,51.348526157642965,87.64471256917966,0
27,35.59847487738594,51.33880389851587,76.34490258009313,0
28,35.808962185698796,51.24333742734566,97.79086057516038,0
29,35.57227247179702,51.226015286833146,96.49025476646541,0
30,35.728485422569044,51.47440736641736,78.04550713096981,0
31,35.54208094540188,51.21052171860375,93.73314180165703,0
32,35.91323161815478,51.07093061773144,54.713757933570754,0
33,35.73770631122348,51.44558971795722,78.51288548919487,-1
34,35.774790147153496,51.245615861671396,99.19944756184302,0
35,35.67283048268626,51.016457019217384,86.0245984716469,0
36,35.610143354798545,51.15522122074962,91.09741476047293,0
37,35.73938022215097,51.377287919868394,52.38808555150016,0
38,35.980494756315764,51.40145054403318,56.20365125131225,1
39,35.68601968959462,51.026409417078476,50.191359416761266,0
40,35.77499846379535,51.4596303449274,78.94493552634125,0
41,35.754384171382014,51.18254143267506,52.20938503032982,0
42,35.96618421314326,51.05415290600264,61.59335860581828,0
43,35.62433250347203,51.42913898649458,84.40782417849405,0
44,35.83247329332261,51.391364307817504,71.3320424518283,0
45,35.58592208577245,51.05189001065251,52.50200943777115,0
46,35.922089489341374,51.470221335946185,81.77370832438426,0
47,35.62904622456212,51.00405120121236,77.80539544386527,0
48,35.62310579071507,51.35925399038548,75.71527337443204,0
49,35.57316834316999,51.23077142988902,56.601830615493185,0
50,35.7995771726145,51.391964452989214,59.13603606376169,0
51,35.592740523713374,51.35595531006523,59.54969318879695,1
52,35.674776474696024,51.392898461595834,98.67973115365845,0
53,35.82923067076441,51.31647900329034,55.02056721637982,0
54,35.866126566664676,51.07464585682692,54.13127778488674,0
55,35.759292719800825,51.04552003434973,64.77734876834138,0
56,35.55418023086155,51.1909146056078,68.79946569687098,0
57,35.77474860998434,51.46759109828497,81.83755738648803,1
58,35.810234495976104,51.45928363633078,83.6402478968721,1
59,35.86237675570502,51.04729688577367,67.25504537749543,0
60,35.60697450735276,51.375405070767556,90.07606726204632,1
61,35.79470955702837,51.49281877119645,56.15233517458106,0
62,35.977665541499384,51.46188705009366,59.49410093674105,0
63,35.83725574651378,51.26743248530499,56.80951016527566,0
64,35.66014015236211,51.38940395392675,77.34426974485369,0
65,35.90811753453815,51.43168589776625,61.58391225216295,0
66,35.89844879845872,51.11893466091832,74.32404067274574,1
67,35.606069580005794,51.483428345106894,56.02929322418134,-1
68,35.78227326912075,51.262261287635596,76.89606476347316,0
69,35.91496879499624,51.094239109111015,62.27575535074027,0
70,35.79815131280782,51.43622633690281,59.54064507655285,1
71,35.713630926535565,51.247425824374055,61.670381333741815,-1
72,35.896526810819054,51.247054221539656,70.00739893556899,0
73,35.963181437149025,51.21341322182532,99.22759553605638,0
74,35.689647208019394,51.03154390076684,80.59769521622212,-1
75,35.79333254439423,51.01332265046742,78.9327686269895,-1
76,35.9410286692598,51.21225217952029,82.0291990369985,-1
77,35.93249084182674,51.160825524179145,71.75830871301307,0
78,35.881585541851976,51.433198908088606,61.241731699895,0
79,35.770579985588135,51.04856827029212,63.94586714378245,0
80,35.60258497513628,51.11272570571618,66.23817152801827,0
81,35.721826459825884,51.25028562081872,84.42936108023235,-1
82,35.67337880283927,51.39586777819969,80.61874763843272,0
83,35.505418208865116,51.08022732622862,90.5009865628555,0
84,35.994026877046174,51.02293877189197,88.28565936664998,0
85,35.51326585677785,51.26101665217603,51.96133486879063,0
86,35.88376004767067,51.32427187495541,53.519492596020584,0
87,35.82838595479723,51.25385687668454,92.91864591336149,0
88,35.56516291118654,51.11370892938182,93.28550739679353,0
89,35.813001402347524,51.05234342294311,82.26520578937826,0
90,35.66919226831428,51.104522047103565,63.36309734224962,-1
91,35.57405956495811,51.25484672426401,56.76386620851494,0
92,35.725020039702386,51.06605839748689,72.55957728256124,0
93,35.51608363735869,51.4195052507303,69.26068773367919,-1
94,35.91909878442088,51.039105502721554,92.77979590261359,0
95,35.70722547460359,51.31574942468113,84.47140256194558,0
96,35.53885298049846,51.48599960628378,97.53772878933272,1
97,35.85794448919518,51.23580452001621,75.30330578497731,0
98,35.64207673609426,51.354817054569004,63.69885571245378,0
99,35.86306975568306,51.05915581492436,61.421885103308014,0
100,35.982378774223875,51.15184132133463,74.58209767680599,0
101,35.83585368444647,51.1716738584391,93.70118686518099,0
102,35.648927293132246,51.363692314491864,81.7025179206943,-1
103,35.79080096703609,51.27531766049377,79.63742138939855,1
104,35.8572470091075,51.167429387551344,51.50681493931147,0
105,35.99704824871275,51.3796436370327,70.54831070133311,0
106,35.91231638415556,51.33491319625413,88.43525566901268,0
107,35.68468592782214,51.24410038374823,69.82364069747129,0
108,35.62149944170635,51.306517958656976,66.24125760645222,0
109,35.76731337043245,51.14193443614274,67.54029809094939,0
110,35.53598957700789,51.06752490886793,74.76773296336302,0
111,35.748895243232774,51.46652486366132,83.23204600631647,0
112,35.9335711158112,51.269175795389835,92.3499062015214,0
113,35.72501976931286,51.25437132141448,67.452089442859,0
114,35.795631344768125,51.070595050542416,87.01854699589713,0
115,35.68398544697612,51.166494139067495,50.087779191439594,0
116,35.647621290497,51.084430858240864,51.19965574977726,0
117,35.673697017695346,51.03290779277167,90.33919749020038,1
118,35.57429159552662,51.12963840748726,64.62076935174302,0
119,35.71775655993025,51.357471156950226,77.02794773818484,-1
120,35.98812605588794,51.460465165259336,73.40141438461436,0
121,35.852612379492314,51.08837894017989,59.46174156530971,0
122,35.52203509839547,51.475045098056114,92.19226453579213,1
123,35.826618805809005,51.30697376561807,77.20759554000398,0
124,35.67781594422066,51.16771228593369,53.992056891879955,0
125,35.85908569841468,51.24764688311888,88.29073344570547,0
126,35.59785944750148,51.4493575275775,94.88077948605263,-1
127,35.975640691163605,51.316270990694775,75.7276409031565,1
128,35.79344206785775,51.023075792959,61.76954442178733,0
129,35.605038575838556,51.304568856617976,86.90096415943606,0
130,35.56291544492656,51.33174895855561,76.37646800748773,0
131,35.79204771133445,51.32287746227182,63.32083862099306,0
132,35.583784773080026,51.36632588614903,68.9711868486786,0
133,35.707943495969445,51.487994042027886,79.48926546720335,1
134,35.65014929090403,51.024308779829596,81.08013068058565,0
135,35.763171627289765,51.23304030495325,64.82064730492931,1
136,35.819539693463575,51.40444605619475,82.32161554487786,0
137,35.889140428764506,51.0580582898536,78.98246843049237,0
138,35.789128235929155,51.21320476948218,87.2640096704327,0
139,35.57401446393863,51.08120181887848,80.16214167434602,0
140,35.89008487813876,51.22613409276588,78.976706510302,0
141,35.8443664930008,51.2954446296538,93.60483939143839,0
142,35.9524386720504,51.28104502051201,95.03565876519173,1
143,35.971570583522585,51.16566152093588,51.20228746610295,0
144,35.9245624344574,51.485088336637006,76.15869147594883,0
145,35.65508694496128,51.43710943779784,59.35823269674728,0
146,35.864151742981036,51.32817051081313,91.61338762578296,0
147,35.515085947182165,51.18577495163335,76.35529137238288,0
148,35.526452711440534,51.4730338288595,55.85265701465472,1
149,35.66572859303102,51.327365674784,60.490588954944954,1
150,35.881222323690984,51.12185100099577,69.12102100405214,-1
151,35.63191476726974,51.09241815921894,72.75790227044094,0
152,35.53222474269004,51.15922624849276,98.23655412362075,0
153,35.9847093433188,51.34132602791044,51.77115379264715,0
154,35.77109816929588,51.218002286272615,60.89091024836717,0
155,35.590559285168396,51.38857741449077,54.99332610102304,0
156,35.60044256623539,51.34994843615061,78.09506920452361,0
157,35.75546544972688,51.21753251754366,65.02987257062748,0
158,35.81361681599939,51.22127644024574,91.86301580409679,0
159,35.88121941830903,51.06021645873787,99.18303733845968,1
160,35.72042005277387,51.43830432540626,94.47668200304363,0
161,35.9681877978621,51.115060462681704,55.782658500408424,0
162,35.75986332830962,51.155530820536335,51.01935549493932,0
163,35.64914616767068,51.17800416077521,65.42296769328807,0
164,35.92282422528455,51.266438189222164,88.15595988844173,-1
165,35.53523271986546,51.33141621290299,57.859627559036184,0
166,35.83948126043801,51.06014803786302,91.6123723719021,0
167,35.56105756813081,51.220549267242326,86.92181420776215,0
168,35.8321808427806,51.08169947567656,82.9424955059733,0
169,35.5044242900555,51.202022167600845,56.10312791023023,0
170,35.8604496035705,51.40415116126971,86.79208662575392,0
171,35.935857526396354,51.26617139904556,60.97517044687509,0
172,35.66427983736315,51.159928576766426,88.77504545528242,0
173,35.99019251207486,51.32158496679754,68.22582638186044,0
174,35.97985909854963,51.48255419441425,64.20847225682839,0
175,35.61422538865668,51.0853388073507,91.9577136103306,0
176,35.898259486089785,51.45145220909709,52.262435489036925,0
177,35.73334545305853,51.31419869145278,66.93991940812839,0
178,35.92837814836212,51.33344455574877,58.116809292957484,0
179,35.87715241691577,51.20828606179437,99.22021440808079,0
180,35.80268381890522,51.0668728103515,54.640463950577704,0
181,35.85470788880679,51.097414469424464,76.48625416003046,0
182,35.77729338264484,51.34081989142208,86.98246075476632,1
183,35.55743488113201,51.36200338079255,92.70852787518749,0
184,35.894196391199486,51.17641001515067,56.28763038519978,0
185,35.81115597680943,51.4670794878409,76.94899899895307,-1
186,35.66607209714342,51.44078152435779,96.0391075152611,0
187,35.82856170456628,51.45960695865319,61.49409536233546,0
188,35.89019788398133,51.24699899595327,54.77053119245024,-1
189,35.54398088336469,51.20486282829356,87.64056907096992,0
190,35.89145180401291,51.20366821832867,52.15833262448751,-1
191,35.902986547013576,51.16828462399538,97.04207175550349,0
192,35.89132340708506,51.091487264190356,68.00259362591204,0
193,35.87942500462072,51.22413479588435,95.0685910797039,0
194,35.82392619120475,51.4840902854635,86.77169557446061,1
195,35.57088558998344,51.45301163046167,84.17696107484605,0
196,35.5354373754735,51.18975888854424,79.47822966489706,0
197,35.554711568303034,51.33840275538809,63.15556204808849,0
198,35.94182308198023,51.35390060569417,82.75544851136453,0
199,35.82602870307494,51.47029516665091,67.72329264679617,0
200,35.87050791679483,51.33840095271797,58.93912977921984,0
201,35.94212020597259,51.14737037750589,56.100609681738156,0
202,35.95055914317481,51.21854871556645,62.53704928792589,0
203,35.914740863378476,51.39812510983154,56.912473110374144,-1
204,35.907896536044845,51.23470169157595,57.49723676515564,1
205,35.82192036553169,51.080834800352996,76.41366321602284,0
206,35.93553637381105,51.18588122471521,93.3869990948206,0
207,35.93798202307528,51.222293380380265,93.3905132521958,0
208,35.51126377159113,51.15106250429099,77.36010930055343,0
209,35.89905428637243,51.398225262296656,56.30468337951266,0
210,35.71424024016979,51.45048109210575,68.68032949557092,0
211,35.90441692936825,51.43665335342746,88.3428842697526,0
212,35.955956587869,51.457477169118704,66.90928738577671,0
213,35.698822248866094,51.45352950687073,75.95048947675677,0
214,35.88399669777539,51.43631089601864,98.0354130022952,0
215,35.92779630900776,51.20211544777528,82.92687129040642,0
216,35.779738565630524,51.32926722693357,94.28322619246222,0
217,35.85809849517441,51.280035104396774,52.66445462831758,0
218,35.60682870447764,51.024609004647765,61.323518976808074,0
219,35.91358523971956,51.063762545360255,90.4094064352714,1
220,35.64182651870972,51.43730229008996,55.24206510927048,0
221,35.510049429509294,51.150482996990426,95.49216031824778,0
222,35.712186124303855,51.26146403196661,85.78441556647829,0
223,35.70893454119767,51.038019765291686,73.0375695758689,0
224,35.81333789393626,51.33393427533397,63.76052715766423,0
225,35.637886481370494,51.42723674460049,79.0137434660515,0
226,35.82024191854726,51.209147013287456,90.5762134317242,1
227,35.88781731051532,51.03523514971188,69.5708521068841,0
228,35.950701422064775,51.33196214652906,53.971719841555874,0
229,35.756846667815175,51.22098697809729,91.01752151376017,0
230,35.813441746136746,51.19180909817365,97.86750269201826,0
231,35.53685662017007,51.26748244576673,75.29082949463738,0
232,35.91976011699448,51.49132892906763,79.83824492256754,0
233,35.895444120464106,51.22066236984631,97.1294195445929,1
234,35.68351072231106,51.18269382781714,71.5805723726251,1
235,35.824262853054826,51.36368646336891,84.98640940893434,0
236,35.757804790130514,51.30147138760436,60.28357433367648,0
237,35.71592078868989,51.29153202248224,76.97150343705371,0
238,35.52233424533882,51.036024282231985,86.93997023867337,0
239,35.88599996576384,51.40694396610997,62.84558879192812,0
240,35.82116225442077,51.2441301066196,90.40698486583149,0
241,35.77358713847453,51.16980847338882,87.14294433679197,0
242,35.86142330303118,51.422492129980675,79.06321223563734,0
243,35.907784918041365,51.084289637813136,86.34421413656767,0
244,35.934595178557636,51.1264946345039,55.42248679138922,0
245,35.57781508903735,51.08867416508734,50.222516144369635,0
246,35.738430950690095,51.39349562927892,53.33462545707481,0
247,35.773660230824056,51.00751071406514,65.46315598239107,-1
248,35.54371882285733,51.1754886744132,74.61456630976224,0
249,35.50616971421147,51.37630296964594,72.75613461863027,0
250,35.76425267466203,51.43835820963068,79.08675860530428,-1
251,35.67389802161284,51.29652635290676,81.88182064817472,0
252,35.75210059492639,51.400512982903166,96.19513788088862,1
253,35.672464489192365,51.19412675134603,88.70300344337782,-1
254,35.82974311827315,51.12012054470545,52.34886441552184,0
255,35.97814135640326,51.299871746021,91.87198080596482,0
256,35.828098068699674,51.40759784086124,73.47706579267975,-1
257,35.765498891793335,51.36573605584428,92.5426525848047,0
258,35.81571694650165,51.0933642207151,56.40725248312151,0
259,35.864126397789065,51.291010485188714,93.2647359679651,0
260,35.7323077740713,51.05093249565859,73.23773292977442,0
261,35.60810554854809,51.433670419990754,88.96808146222597,0
262,35.84330857591047,51.19017514286797,66.18122997011614,0
263,35.61569467530436,51.012447855693665,93.4662053660581,0
264,35.83749902849053,51.42466671669178,68.39632677650718,1
265,35.82294320173866,51.133276069220365,51.312007290621494,0
266,35.696669434692595,51.281962161630474,78.11168259347305,0
267,35.7090555270776,51.22574870385572,61.88685350311463,0
268,35.535646791100554,51.23955483142572,51.136104513069974,-1
269,35.75779551614108,51.33833947865598,95.82874844630723,0
270,35.82624110424546,51.18626874718321,62.42244028537564,0
271,35.85941383642672,51.2946473087588,78.29166953986407,0
272,35.77895714620175,51.39750089751094,88.52998305277148,0
273,35.88728496914008,51.371367624339285,85.56971440265994,1
274,35.891628637249326,51.301676261735366,62.26168237204169,0
275,35.51012597729564,51.12057022697049,98.79859851962513,0
276,35.94839202338321,51.216930927318124,70.23538569744137,0
277,35.70136552631015,51.05047331028926,70.24584719393718,0
278,35.88994347524006,51.319629078006955,83.85572946756973,1
279,35.580062612710236,51.155495034795024,60.66688757079229,0
280,35.58523174064602,51.305502949607195,89.44046988411753,-1
281,35.55940532666955,51.086557734913086,83.30582940885148,0
282,35.527522282738886,51.42385245431816,53.21636703224152,0
283,35.96637839756923,51.285506399052075,62.06192224646177,0
284,35.60498012111994,51.13741273181915,69.94549935823437,0
285,35.5323671340827,51.11347213578104,82.74784915806458,0
286,35.532744731368794,51.428839508466005,90.894269274079,1
287,35.923318130166656,51.48525301063283,78.57542506381685,0
288,35.73117574796517,51.15876879981141,97.28039488195533,0
289,35.74895361842055,51.19148230290973,54.6514418655207,-1
290,35.69281145069569,51.44913831563229,94.31943338577582,0
291,35.50254673739722,51.287659598370055,91.62903332034364,0
292,35.531851577429435,51.33127053833543,87.99857750509634,0
293,35.62499987596816,51.403195326998265,70.58523957930248,0
294,35.55484217945479,51.37750569915605,93.76010739103424,0
295,35.75423442722068,51.32753539312068,85.67522350460763,-1
296,35.61282198111525,51.286219110338195,53.486407424953356,0
297,35.872482280290264,51.42554722575982,84.17197315440089,0
298,35.625976686833525,51.07720426246436,96.59621362101684,0
299,35.867398454760824,51.03498232491173,84.86733412351025,1
300,35.777825517677314,51.36934399616801,89.35060675960727,0
301,35.94796293099257,51.07947815437354,99.04008425776918,0
302,35.95894984661112,51.106209446879326,60.078195682392874,0
303,35.984036568286314,51.3831035619388,72.6834886315028,0
304,35.75824283826122,51.47744779324565,90.94593207480061,0
305,35.876235284224755,51.130021800443366,67.02153773178176,0
306,35.85635171633985,51.174016823528476,72.99483843083885,1
307,35.64704298008841,51.04367211473294,99.15837675568463,0
308,35.79306809600017,51.11877756566377,75.8932820578716,0
309,35.99675752469385,51.48548774533439,96.23076396646965,0
310,35.989633119201606,51.11683301393125,69.45755847111008,0
311,35.844057315214734,51.16295108236367,66.90929953399683,0
312,35.854332015856045,51.20100283754575,99.21788792963287,-1
313,35.56567183894678,51.13607276926809,54.114604654633744,0
314,35.95884009800452,51.28614248934727,55.26561235261308,0
315,35.69463745935772,51.205684254858475,98.83187908418367,1
316,35.84274440619555,51.33486703212421,62.54990444053129,0
317,35.54213439142164,51.471144768995416,94.98506125036752,0
318,35.52185565558609,51.03849068495608,68.63423972239347,0
319,35.57041477813774,51.29837142371465,54.460366016899755,-1
320,35.56550191384161,51.45967062854233,83.24537320636941,1
321,35.66093059035153,51.12233678306333,50.537778779855124,-1
322,35.601627408872844,51.10249133355798,54.033367842832284,-1
323,35.875262528550216,51.34881722678058,64.26363490682178,0
324,35.70824963269598,51.49609482534319,82.08356743500508,-1
325,35.99687445885605,51.03436129184532,54.50686596209584,0
326,35.51575994045831,51.0543715953912,63.01340024064426,0
327,35.79984839005867,51.113573287206336,83.40197126768797,0
328,35.9295552186308,51.00419444742818,57.03387571318228,0
329,35.60848482722908,51.37897827503708,71.9902758845952,1
330,35.81585240545383,51.33371362227047,66.70968511384066,0
331,35.78945143575426,51.143451623613636,80.55336991248426,0
332,35.82637245778402,51.333890366599064,66.73074174433093,0
333,35.68586873891548,51.2626125202607,56.16353488884252,0
334,35.61668487410099,51.212349280594886,83.13084594140977,0
335,35.95478389865598,51.06845484955297,83.55429317708294,0
336,35.95019323098371,51.172961796568785,79.40528568146934,0
337,35.54450873599803,51.04124836563109,99.4966151900273,0
338,35.523799796071025,51.16408126606134,61.645476004794176,0
339,35.8534511129027,51.095463058477534,70.25516360180741,0
340,35.67611001869611,51.33107812127249,72.5412267253341,1
341,35.79418797980224,51.120568398122685,74.4968248087233,0
342,35.91988850917016,51.40860565707233,80.19953637409873,0
343,35.69528521270359,51.213928459822725,64.96558684618857,0
344,35.547821129114794,51.37647329545567,76.47962760775744,1
345,35.56468433986796,51.41360368009592,82.4075006708787,0
346,35.64539389710518,51.42742113171229,97.94663016603619,0
347,35.662285527818554,51.07824766597239,69.23915408179022,0
348,35.78831177064668,51.179268953339296,91.22610743221338,0
349,35.94797065929616,51.42612601957255,80.01911607940144,0
350,35.73664483417214,51.31101045616845,60.909962740932116,-1
351,35.75460583305749,51.47877629864928,82.03752935185588,0
352,35.694186035066394,51.30101142162984,96.9922595741948,0
353,35.68055753282777,51.30933646836459,76.83398887550422,0
354,35.75361302119482,51.32340761159811,56.6822903842427,0
355,35.53019005057602,51.42581910689149,97.85556017770627,0
356,35.975290975651376,51.013225829686796,58.224002945907245,0
357,35.867331613409135,51.090237601800695,65.00398829001155,-1
358,35.96101682671113,51.34988531785402,89.96185370538879,-1
359,35.91912202146653,51.013063736085805,52.163847725600604,0
360,35.80806245914148,51.036193931620964,71.96216031061724,0
361,35.97454056799665,51.187827195608996,64.31626510224243,0
362,35.5652010467845,51.35942688561337,81.70482294352696,0
363,35.58288594974708,51.05653692769018,84.42531799868962,0
364,35.543644756583866,51.153718009570625,76.96852628502428,1
365,35.77860675064385,51.29373898777795,86.82620151233301,0
366,35.89289675132866,51.15344561642336,59.06993493035314,0
367,35.74994441537507,51.00109323900262,78.9190217761317,0
368,35.60363598255669,51.335824108721624,66.33338812156465,0
369,35.775932165044296,51.33364385067243,80.18331626299228,0
370,35.55852187322888,51.021052434551144,58.170750615788656,0
371,35.819862902510486,51.30570558546916,73.00448927760067,-1
372,35.665747163542385,51.08536044085564,68.73416370898511,-1
373,35.744827384535675,51.496517078977895,53.99861694653881,1
374,35.807523733975366,51.44701479756338,72.19090034563294,-1
375,35.60133285630175,51.127162872052615,76.12973050658061,1
376,35.638014766798285,51.035570234798755,54.180963753897,0
377,35.80920105941197,51.32816590304712,61.822154581025764,0
378,35.699446842616865,51.281465578308364,89.29538661112787,0
379,35.857450333499266,51.07832122845488,75.97179181120549,1
380,35.97054603627542,51.1727179986924,65.96535713246283,0
381,35.53740238305139,51.021562931783436,79.388296103052,0
382,35.916354234299426,51.24433940001853,83.54029888409421,0
383,35.510143672366574,51.384952847408485,86.59106820247354,0
384,35.84890831762218,51.45265082804634,58.59049456554908,0
385,35.94392710696189,51.33164796965612,80.51210913099634,0
386,35.87205212335781,51.18353588288016,66.60842028576414,0
387,35.60492307654612,51.41201938615835,54.51137246630753,0
388,35.65977380581478,51.41196769575715,76.37136737203286,0
389,35.51893416213493,51.47522216415323,59.44696365977595,0
390,35.53086398974866,51.25316468051793,90.4068464573385,0
391,35.823664269723864,51.06826116200611,52.922340143450796,0
392,35.66095826887758,51.332590165932686,70.87496862077954,0
393,35.79273173953036,51.44828586700257,88.30684465612717,0
394,35.59637974503513,51.391759840796304,97.0166431014386,0
395,35.806003162108425,51.46830775257853,85.20389656322817,0
396,35.84469294015764,51.080291832276956,82.12716983650492,0
397,35.75482332917627,51.33522355226456,69.87205000780355,0
398,35.98154945019731,51.065831376266125,55.35042045146256,0
399,35.58584600907445,51.24519930035631,51.61647129203374,0
400,35.996275257648726,51.15156651141576,99.20721379024462,0
401,35.51942824592545,51.43091345108156,81.68674116223563,0
402,35.50776808348587,51.37611493609574,72.52845523892294,0
403,35.74552041347537,51.23170323878501,98.74831518951159,0
404,35.766502077946114,51.425746049666664,82.27998068303711,0
405,35.67075959570291,51.32189471671693,94.74021024886824,-1
406,35.73709796233538,51.26527228924065,89.77210934366539,0
407,35.726905468557185,51.030444616742436,87.69592883483978,1
408,35.67706296220836,51.27214201782186,52.63175355429336,1
409,35.60070887097164,51.1191928750238,87.82082407217848,0
410,35.52360034535549,51.32201965816669,80.88143104826779,-1
411,35.8237189483916,51.32452561872302,64.58440265621866,1
412,35.74826285663845,51.06469237709691,90.88431471881565,0
413,35.56906466007623,51.090594610246974,97.53092138639467,0
414,35.50701598051623,51.08826630937611,80.31976014264816,0
415,35.98191618327743,51.33243332764075,70.62288470100376,0
416,35.96458190655152,51.17827266992273,92.02886106038025,0
417,35.838412670620414,51.006347655658715,70.20412695613643,0
418,35.5899932841247,51.46564427833774,62.91573292117326,0
419,35.94559792323926,51.11151249594497,55.71963106460393,0
420,35.539789154015544,51.23931239139981,55.75859918722952,0
421,35.81777285817919,51.396420949978996,97.48910958361587,1
422,35.675745212329446,51.48001356770684,71.45566435641095,1
423,35.73028315714232,51.31183445331487,86.65449564797538,1
424,35.81976748289614,51.23163301853318,87.30178516201148,0
425,35.655872450180325,51.1803827833226,98.81679927656012,1
426,35.61255153991429,51.391425180271156,62.824847260724084,0
427,35.93978994889269,51.12339228971255,73.24860896104776,-1
428,35.70611580343138,51.43096273275239,57.93337548982491,-1
429,35.52385352373293,51.37522773183235,56.858570441729654,-1
430,35.73914589421483,51.03776700157318,57.36055258148546,0
431,35.58861517077563,51.12538190663255,68.55488082496308,0
432,35.70110256626742,51.368053206924856,76.30427419481842,0
433,35.770999630917125,51.00043779499802,98.62866631884003,0
434,35.66643792628056,51.3572556611983,86.62498835533387,0
435,35.841146577451724,51.37287337162145,93.62945750441403,0
436,35.62610861412435,51.02697046892657,90.35036801622067,0
437,35.59515599314578,51.15531918655093,95.85819820938451,0
438,35.54247822803901,51.05269168817133,98.12784056443033,1
439,35.534869981817984,51.40854549759249,63.430691851683676,0
440,35.70197198264932,51.36826761143483,88.38053020689189,0
441,35.784744222327646,51.0171498968271,92.78159203127991,0
442,35.52553207403757,51.45347354160944,53.300888224293224,0
443,35.9611067718516,51.1281359642218,54.92089522893018,0
444,35.5215360518217,51.47163096882602,95.84275204737705,0
445,35.789681429570074,51.017692139333505,81.54157369693361,-1
446,35.703612538819655,51.06749156103868,67.64947072586797,0
447,35.867918990210754,51.46665013783075,51.23991812667254,-1
448,35.97046865745383,51.445035011348175,89.14188488371951,0
449,35.71693601006241,51.347337512924945,52.66198452389338,0
450,35.723935543194145,51.07355705643783,93.30976425582514,0
451,35.54628715946402,51.14478901055014,69.78825533971523,0
452,35.87974633980751,51.08611270866762,93.85371510521557,0
453,35.55662007981661,51.07220095124341,79.6702666646168,0
454,35.60535669453778,51.16090327632454,63.392051138895084,0
455,35.62025260256713,51.43037198627609,67.84528691976492,0
456,35.55062368284808,51.09068901150119,98.65145526655752,0
457,35.97737258325811,51.47559197190858,69.41588728873899,0
458,35.93622340530319,51.23021414409905,91.18884703295541,0
459,35.872187429654694,51.21744914247312,52.46810253152574,0
460,35.707653700248194,51.2772297263749,92.280864221829,0
461,35.76843663601066,51.42778451019419,97.36629600455592,0
462,35.73873099841042,51.03016352059471,82.26607985359581,0
463,35.89490578906166,51.01804935257205,54.217276206461904,0
464,35.70039902832665,51.233078034621,88.84131252547435,-1
465,35.549143730355375,51.48865312180536,53.529526763617994,0
466,35.596527511593926,51.35216525514055,63.100162379535675,0
467,35.764983300291284,51.02488827361122,68.46757113669187,0
468,35.560834560811436,51.213983051014694,98.68976261550081,0
469,35.81515663192217,51.435862856806835,60.45027189489494,0
470,35.747951363645086,51.032111193352314,77.15017622935233,0
471,35.61129495102775,51.24518785323008,75.11019047228804,0
472,35.652388958411386,51.15956352879055,96.15594597239108,-1
473,35.92138841323126,51.24201834835966,98.33549476142204,1
474,35.75381976217762,51.03180078164527,53.027010659599064,0
475,35.525359743687844,51.0523293078157,95.18676404999009,0
476,35.53888375765016,51.45880847968556,79.57386024279687,0
477,35.84492238251659,51.18906623045563,63.098566546318565,0
478,35.702032533306955,51.40116304440985,83.60160238232338,0
479,35.526888525335536,51.449983710655474,58.745924190433314,0
480,35.87641782105836,51.44498956890727,57.91016835908737,1
481,35.72325132228196,51.32380139853041,54.75971707991577,0
482,35.738583115267396,51.14900858998319,55.810407690465475,0
483,35.86991449855252,51.1772484932059,66.92589444781649,0
484,35.79624178071743,51.087546922005416,75.7767821362522,0
485,35.64793193392841,51.474814221444134,64.38098068307727,0
486,35.51442359935009,51.48874269391236,84.25578355463665,-1
487,35.854599162287194,51.26531710711839,95.75431770569952,0
488,35.90697513666828,51.48885336170418,71.66815187931992,0
489,35.8002951493281,51.1064153769678,99.29271938684553,0
490,35.61360254734046,51.058934297792995,55.40039533656962,-1
491,35.88107807834955,51.386842460360505,66.99025429174438,-1
492,35.87102972657052,51.15177506343218,55.65699154338484,0
493,35.5771071030609,51.12790993887612,63.938274751220376,0
494,35.80682772498743,51.11835084391979,84.00164862219859,0
495,35.94086100960751,51.45613216629741,86.59244571759676,0
496,35.949910729091876,51.27126080677445,57.57623057614114,0
497,35.64874918276649,51.14820497985768,70.94735063620266,0
498,35.50979358566959,51.479704273573134,94.06405816082447,0
499,35.9539068398903,51.18964564397607,93.57188764435448,1
500,35.56475804298337,51.41623591581239,54.709244958375734,0
